,btc,eth,usdt,usdc,xrp,busd,ada,doge
btc,1.0,0.8319287688501547,0.07274395963189616,0.07121418295583037,0.7987483892094527,-0.07306606565143864,0.8166018271142026,0.6324479563705449
eth,0.8319287688501547,1.0,-0.012189289830654626,0.0708857177020223,0.811984698181708,-0.15816530193177017,0.8287868098463687,0.7566929892581736
usdt,0.07274395963189616,-0.012189289830654626,1.0,0.19902724163728233,0.06963611280470444,0.23698639511086136,0.062161644055373014,0.016944634344812366
usdc,0.07121418295583037,0.0708857177020223,0.19902724163728233,1.0,0.059512726009900686,0.05295601059231228,0.05930376072243058,0.041190230207475864
xrp,0.7987483892094527,0.811984698181708,0.06963611280470444,0.059512726009900686,1.0,-0.06770954236445349,0.8363315503966823,0.8476625734907269
busd,-0.07306606565143864,-0.15816530193177017,0.23698639511086136,0.05295601059231228,-0.06770954236445349,1.0,-0.07081977913085168,-0.07219651228068533
ada,0.8166018271142026,0.8287868098463687,0.062161644055373014,0.05930376072243058,0.8363315503966823,-0.07081977913085168,1.0,0.8132661511286965
doge,0.6324479563705449,0.7566929892581736,0.016944634344812366,0.041190230207475864,0.8476625734907269,-0.07219651228068533,0.8132661511286965,1.0
